Item_id,Item_title,Sponsored,Vendor,Alt_title,Promoted,Best Price,Parameters,General,EAN,Price,Currency,Has Variants,Variants,Rating,Count,Smart,Sellers Count,Total Units Sold,Total Sales Value,Item URL,Seller ID,Seller Name,Seller Url,Seller Rating,Super S
13027517650,Czajnik elektryczny Gorenje K15DWS 2200 W srebrny/szary,True,allegro,Czajnik elektryczny Gorenje K15DWS 2200 W srebrny/szary,False,True,"[{'name': 'Stan', 'values': ['Nowy'], 'highlight': False}, {'name': 'Pojemność', 'values': ['1.5 l'], 'highlight': False}, {'name': 'Szerokość produktu', 'values': ['23.1 cm'], 'highlight': False}, {'name': 'Wysokość produktu', 'values': ['24 cm'], 'highlight': False}, {'name': 'Obrotowa podstawa', 'values': ['tak'], 'highlight': False}]","[{'name': 'Pojemność', 'values': ['1.5 l'], 'highlight': False}, {'name': 'Szerokość produktu', 'values': ['23.1 cm'], 'highlight': False}, {'name': 'Wysokość produktu', 'values': ['24 cm'], 'highlight': False}, {'name': 'Obrotowa podstawa', 'values': ['tak'], 'highlight': False}]",N/A,99.00,PLN,x,,4.74,122,True,8,282,27918.0,https://allegro.pl/oferta/13027517650,102385039,Oficjalny sklep Gorenje,https://allegro.pl/uzytkownik/SmA_Gorenje1,99.2,True
14281953281,Czajnik elektryczny Amica KF 3040 2200 W czarny,True,allegro,Czajnik elektryczny Amica KF 3040 2200 W czarny,False,True,"[{'name': 'Stan', 'values': ['Nowy'], 'highlight': False}, {'name': 'Pojemność', 'values': ['1.7 l'], 'highlight': False}, {'name': 'Szerokość produktu', 'values': ['21.5 cm'], 'highlight': False}, {'name': 'Wysokość produktu', 'values': ['24.1 cm'], 'highlight': False}, {'name': 'Obrotowa podstawa', 'values': ['tak'], 'highlight': False}]","[{'name': 'Pojemność', 'values': ['1.7 l'], 'highlight': False}, {'name': 'Szerokość produktu', 'values': ['21.5 cm'], 'highlight': False}, {'name': 'Wysokość produktu', 'values': ['24.1 cm'], 'highlight': False}, {'name': 'Obrotowa podstawa', 'values': ['tak'], 'highlight': False}]",N/A,119.00,PLN,x,,4.91,65,True,51,108,12852.0,https://allegro.pl/oferta/14281953281,91445913,Oficjalny sklep Amica,https://allegro.pl/uzytkownik/SmA_Amica,98.7,False
12867639118,Czajnik elektryczny Tefal KO2514 2400 W niebieski,False,allegro,Czajnik elektryczny Tefal KO2514 2400 W niebieski,True,False,"[{'name': 'Stan', 'values': ['Nowy'], 'highlight': False}, {'name': 'Pojemność', 'values': ['1.7 l'], 'highlight': False}, {'name': 'Obrotowa podstawa', 'values': ['tak'], 'highlight': False}]","[{'name': 'Pojemność', 'values': ['1.7 l'], 'highlight': False}, {'name': 'Obrotowa podstawa', 'values': ['tak'], 'highlight': False}]",3045387243470,169.00,PLN,x,,4.90,1586,True,28,185,31265.0,https://allegro.pl/oferta/12867639118,89155236,Oficjalny sklep TEFAL,https://allegro.pl/uzytkownik/Tefal_Polska,99,False
14759005944,Czajnik elektryczny EMAVO Czajnik elektryczny z regulacją temperatury 2200 W czarny,False,allegro,Czajnik elektryczny EMAVO Czajnik elektryczny z regulacją temperatury 2200 W czarny,True,False,"[{'name': 'Stan', 'values': ['Nowy'], 'highlight': False}, {'name': 'Pojemność', 'values': ['1.7 l'], 'highlight': False}, {'name': 'Obrotowa podstawa', 'values': ['tak'], 'highlight': False}]","[{'name': 'Pojemność', 'values': ['1.7 l'], 'highlight': False}, {'name': 'Obrotowa podstawa', 'values': ['tak'], 'highlight': False}]",5907512871652,119.00,PLN,x,,4.89,81,True,5,180,21420.0,https://allegro.pl/oferta/14759005944,50643800,emavo,https://allegro.pl/uzytkownik/emavo,99,True
14286909490,"Czajnik tradycyjny stalowy Brunbeste 2,5 l czarny",False,allegro,"Czajnik tradycyjny stalowy Brunbeste 2,5 l czarny",True,False,"[{'name': 'Stan', 'values': ['Nowy'], 'highlight': False}, {'name': 'Rodzaj', 'values': ['czajnik tradycyjny'], 'highlight': True}, {'name': 'Materiał', 'values': ['stalowy'], 'highlight': False}]","[{'name': 'Rodzaj', 'values': ['czajnik tradycyjny'], 'highlight': True}, {'name': 'Materiał', 'values': ['stalowy'], 'highlight': False}]",5906716923747,49.99,PLN,x,,4.81,311,True,16,175,8748.25,https://allegro.pl/oferta/14286909490,92536804,dom24_net,https://allegro.pl/uzytkownik/dom24_net,100,True
12737764331,Zaparzacz dzbanek Cosy&Pretty ESTABELLO 750 ml,False,allegro,Zaparzacz dzbanek Cosy&Pretty ESTABELLO 750 ml,True,False,"[{'name': 'Stan', 'values': ['Nowy'], 'highlight': False}, {'name': 'Materiał', 'values': ['szkło'], 'highlight': False}]","[{'name': 'Materiał', 'values': ['szkło'], 'highlight': False}]",5905485180672,19.90,PLN,x,,4.94,330,True,9,174,3462.6,https://allegro.pl/oferta/12737764331,94398231,domowe-love,https://allegro.pl/uzytkownik/domowe-love,99.5,False
14099444865,"Czajnik tradycyjny stalowy emaliowany Karl Hausmann 3 l czarny, odcienie brązu i beżu",False,allegro,"Czajnik tradycyjny stalowy emaliowany Karl Hausmann 3 l czarny, odcienie brązu i beżu",True,False,"[{'name': 'Stan', 'values': ['Nowy'], 'highlight': False}, {'name': 'Rodzaj', 'values': ['czajnik tradycyjny'], 'highlight': True}, {'name': 'Materiał', 'values': ['stalowy'], 'highlight': False}]","[{'name': 'Rodzaj', 'values': ['czajnik tradycyjny'], 'highlight': True}, {'name': 'Materiał', 'values': ['stalowy'], 'highlight': False}]",5905155012265,59.99,PLN,x,,4.77,75,True,17,173,10378.27,https://allegro.pl/oferta/14099444865,96456444,Oficjalny sklep Karl Hausmann,https://allegro.pl/uzytkownik/KarlHausmann,99.4,True
12354580587,Odkamieniacz w płynie Worwo PC06W,False,allegro,Odkamieniacz w płynie Worwo PC06W,True,False,"[{'name': 'Stan', 'values': ['Nowy'], 'highlight': False}, {'name': 'Przeznaczenie', 'values': ['uniwersalny'], 'highlight': False}]","[{'name': 'Przeznaczenie', 'values': ['uniwersalny'], 'highlight': False}]",N/A,11.90,PLN,x,,4.89,1131,True,37,173,2058.7000000000003,https://allegro.pl/oferta/12354580587,90010867,optimumfiltry,https://allegro.pl/uzytkownik/optimumfiltry,99.7,True
10865088597,Czajnik elektryczny Berdsen BD-700 2200 W biały,False,allegro,Czajnik elektryczny Berdsen BD-700 2200 W biały,True,True,"[{'name': 'Stan', 'values': ['Nowy'], 'highlight': False}, {'name': 'Pojemność', 'values': ['1.7 l'], 'highlight': False}, {'name': 'Szerokość produktu', 'values': ['21 cm'], 'highlight': False}, {'name': 'Wysokość produktu', 'values': ['29 cm'], 'highlight': False}]","[{'name': 'Pojemność', 'values': ['1.7 l'], 'highlight': False}, {'name': 'Szerokość produktu', 'values': ['21 cm'], 'highlight': False}, {'name': 'Wysokość produktu', 'values': ['29 cm'], 'highlight': False}]",N/A,116.99,PLN,x,,4.85,860,True,116,171,20005.29,https://allegro.pl/oferta/10865088597,41142443,JAN-SHOP,https://allegro.pl/uzytkownik/JAN-SHOP,99.1,True
13750932252,Czajnik elektryczny Manta Orisa 2200 W czarny,True,allegro,Czajnik elektryczny Manta Orisa 2200 W czarny,True,True,"[{'name': 'Stan', 'values': ['Nowy'], 'highlight': False}, {'name': 'Pojemność', 'values': ['1.7 l'], 'highlight': False}, {'name': 'Szerokość produktu', 'values': ['21.5 cm'], 'highlight': False}, {'name': 'Wysokość produktu', 'values': ['22 cm'], 'highlight': False}, {'name': 'Obrotowa podstawa', 'values': ['tak'], 'highlight': False}]","[{'name': 'Pojemność', 'values': ['1.7 l'], 'highlight': False}, {'name': 'Szerokość produktu', 'values': ['21.5 cm'], 'highlight': False}, {'name': 'Wysokość produktu', 'values': ['22 cm'], 'highlight': False}, {'name': 'Obrotowa podstawa', 'values': ['tak'], 'highlight': False}]",5903089904915,99.00,PLN,x,,4.90,529,True,19,520,51480.0,https://allegro.pl/oferta/13750932252,109877885,Oficjalny sklep Manta,https://allegro.pl/uzytkownik/MantaSklep,99.5,True
14363281111,Czajnik elektryczny Philips HD9318/70 2200 W biały,False,allegro,Czajnik elektryczny Philips HD9318/70 2200 W biały,True,True,"[{'name': 'Stan', 'values': ['Nowy'], 'highlight': False}, {'name': 'Pojemność', 'values': ['1.7 l'], 'highlight': False}, {'name': 'Obrotowa podstawa', 'values': ['tak'], 'highlight': False}]","[{'name': 'Pojemność', 'values': ['1.7 l'], 'highlight': False}, {'name': 'Obrotowa podstawa', 'values': ['tak'], 'highlight': False}]",8710103981060,99.00,PLN,x,"{'name': 'Kolor/Wzór', 'type': 'IMAGE', 'source': 'photo', 'variants': [{'id': '592e2b5d2e7aef9b76f5b52a57438b02083ccd149876fe4f57feb63f2e8180a2', 'image': {'url': 'https://a.allegroimg.com/original/110847/9021b48447d094fa4aaff2351786'}, 'selected': True, 'offer': {'url': 'https://allegro.pl/oferta/czajnik-bezprzewodowy-philips-hd9318-70-2200w-1-7l-14363281111'}}, {'id': '64208ffcf156acd7df21cc14f006743399333231d7ddeb4cbf90225b57c0583d', 'image': {'url': 'https://a.allegroimg.com/original/116ba1/17bb6f4f4275acb0f36134486466'}, 'selected': False, 'offer': {'url': 'https://allegro.pl/oferta/czajnik-philips-hd9318-00-2200w-1-7l-12571119112'}}]}",4.92,807,True,30,172,17028.0,https://allegro.pl/oferta/14363281111,20164490,OleOlepl,https://allegro.pl/uzytkownik/OleOlepl,98.8,False
14797042387,"Czajnik tradycyjny stalowy emaliowany Brunbeste 2,7 l czarny",False,allegro,"Czajnik tradycyjny stalowy emaliowany Brunbeste 2,7 l czarny",True,False,"[{'name': 'Stan', 'values': ['Nowy'], 'highlight': False}, {'name': 'Rodzaj', 'values': ['czajnik tradycyjny'], 'highlight': True}, {'name': 'Materiał', 'values': ['stalowy emaliowany'], 'highlight': False}]","[{'name': 'Rodzaj', 'values': ['czajnik tradycyjny'], 'highlight': True}, {'name': 'Materiał', 'values': ['stalowy emaliowany'], 'highlight': False}]",5906716924195,49.90,PLN,x,,4.85,285,True,12,172,8582.8,https://allegro.pl/oferta/14797042387,103085452,jasieczek-com,https://allegro.pl/uzytkownik/jasieczek-com,98.2,False
14834585326,Czajnik elektryczny Lafe CEG020 2200 W czarny,False,allegro,Czajnik elektryczny Lafe CEG020 2200 W czarny,True,False,"[{'name': 'Stan', 'values': ['Nowy'], 'highlight': False}, {'name': 'Pojemność', 'values': ['1.7 l'], 'highlight': False}, {'name': 'Obrotowa podstawa', 'values': ['tak'], 'highlight': False}]","[{'name': 'Pojemność', 'values': ['1.7 l'], 'highlight': False}, {'name': 'Obrotowa podstawa', 'values': ['tak'], 'highlight': False}]",5907512871676,84.95,PLN,x,,4.98,40,True,57,170,14441.5,https://allegro.pl/oferta/14834585326,1564552,Ozir_2010,https://allegro.pl/uzytkownik/Ozir_2010,99.2,False
12324123316,Czajnik tradycyjny stalowy Konighoffer 3 l odcienie szarości i srebra,False,allegro,Czajnik tradycyjny stalowy Konighoffer 3 l odcienie szarości i srebra,True,True,"[{'name': 'Stan', 'values': ['Nowy'], 'highlight': False}, {'name': 'Rodzaj', 'values': ['czajnik tradycyjny'], 'highlight': True}, {'name': 'Materiał', 'values': ['stalowy'], 'highlight': False}]","[{'name': 'Rodzaj', 'values': ['czajnik tradycyjny'], 'highlight': True}, {'name': 'Materiał', 'values': ['stalowy'], 'highlight': False}]",N/A,49.99,PLN,x,,4.94,84,True,10,170,8498.300000000001,https://allegro.pl/oferta/12324123316,67911447,Oficjalny sklep KonigHOFFER,https://allegro.pl/uzytkownik/KonigHOFFER,99.4,True
13491890260,Czajnik elektryczny Bosch TWK 7603 2200 W czarny,False,allegro,Czajnik elektryczny Bosch TWK 7603 2200 W czarny,True,False,"[{'name': 'Stan', 'values': ['Nowy'], 'highlight': False}, {'name': 'Pojemność', 'values': ['1.7 l'], 'highlight': False}]","[{'name': 'Pojemność', 'values': ['1.7 l'], 'highlight': False}]",4242002824147,129.99,PLN,x,"{'name': 'Kolor/Wzór', 'type': 'IMAGE', 'source': 'photo', 'variants': [{'id': '7afb91386fa706bdbaac4cc4da05b886ffa0f51b845c4b7783333fbaf5dae0f5', 'image': {'url': 'https://a.allegroimg.com/original/008f34/e0ec3b3a4e7fb7b848a6e039f762'}, 'selected': True, 'offer': {'url': 'https://allegro.pl/oferta/czajnik-bosch-twk7603-2200w-1-7l-czarny-13491890260'}}, {'id': 'b932d1b8fbf2c8dac6d1305a99a7ef65122b38948e2c865efea8408a941a0e51', 'image': {'url': 'https://a.allegroimg.com/original/03a777/15b7fdf24f24b2b73eace98d5c4f'}, 'selected': False, 'offer': {'url': 'https://allegro.pl/oferta/czajnik-elektryczny-bezprzewodowy-bosch-twk7604-2200w-bordowy-14880597283'}}]}",4.91,1446,True,11,162,21058.38,https://allegro.pl/oferta/13491890260,6879039,ELECTROpl,https://allegro.pl/uzytkownik/ELECTROpl,99.2,False
14086844660,Czajnik elektryczny Camry CR1300 2200 W czarny,False,allegro,Czajnik elektryczny Camry CR1300 2200 W czarny,True,True,"[{'name': 'Stan', 'values': ['Nowy'], 'highlight': False}, {'name': 'Pojemność', 'values': ['1.7 l'], 'highlight': False}, {'name': 'Szerokość produktu', 'values': ['21 cm'], 'highlight': False}, {'name': 'Wysokość produktu', 'values': ['25 cm'], 'highlight': False}, {'name': 'Obrotowa podstawa', 'values': ['tak'], 'highlight': False}]","[{'name': 'Pojemność', 'values': ['1.7 l'], 'highlight': False}, {'name': 'Szerokość produktu', 'values': ['21 cm'], 'highlight': False}, {'name': 'Wysokość produktu', 'values': ['25 cm'], 'highlight': False}, {'name': 'Obrotowa podstawa', 'values': ['tak'], 'highlight': False}]",5903887803892,66.90,PLN,x,,4.97,34,True,102,165,11038.500000000002,https://allegro.pl/oferta/14086844660,112260673,Oficjalny sklep Camry,https://allegro.pl/uzytkownik/Sklep_Camry,99.8,True
13668627319,Czajnik elektryczny Tefal KI533811 2400 W czarny,False,allegro,Czajnik elektryczny Tefal KI533811 2400 W czarny,True,True,"[{'name': 'Stan', 'values': ['Nowy'], 'highlight': False}, {'name': 'Pojemność', 'values': ['1 l'], 'highlight': False}, {'name': 'Obrotowa podstawa', 'values': ['tak'], 'highlight': False}]","[{'name': 'Pojemność', 'values': ['1 l'], 'highlight': False}, {'name': 'Obrotowa podstawa', 'values': ['tak'], 'highlight': False}]",3045387243227,129.00,PLN,x,,4.84,575,True,27,160,20640.0,https://allegro.pl/oferta/13668627319,89155236,Oficjalny sklep TEFAL,https://allegro.pl/uzytkownik/Tefal_Polska,99,False
13750885818,Czajnik elektryczny Manta Orisa 2200 W biały,True,allegro,Czajnik elektryczny Manta Orisa 2200 W biały,True,True,"[{'name': 'Stan', 'values': ['Nowy'], 'highlight': False}, {'name': 'Pojemność', 'values': ['1.7 l'], 'highlight': False}, {'name': 'Szerokość produktu', 'values': ['21.5 cm'], 'highlight': False}, {'name': 'Wysokość produktu', 'values': ['22.5 cm'], 'highlight': False}, {'name': 'Obrotowa podstawa', 'values': ['tak'], 'highlight': False}]","[{'name': 'Pojemność', 'values': ['1.7 l'], 'highlight': False}, {'name': 'Szerokość produktu', 'values': ['21.5 cm'], 'highlight': False}, {'name': 'Wysokość produktu', 'values': ['22.5 cm'], 'highlight': False}, {'name': 'Obrotowa podstawa', 'values': ['tak'], 'highlight': False}]",5902510607654,99.00,PLN,x,,4.89,446,True,7,93,9207.0,https://allegro.pl/oferta/13750885818,109877885,Oficjalny sklep Manta,https://allegro.pl/uzytkownik/MantaSklep,99.5,True
13040412724,Czajnik elektryczny Bosch TWK3P420 2400 W srebrny/szary,False,allegro,Czajnik elektryczny Bosch TWK3P420 2400 W srebrny/szary,True,True,"[{'name': 'Stan', 'values': ['Nowy'], 'highlight': False}, {'name': 'Pojemność', 'values': ['1.7 l'], 'highlight': False}, {'name': 'Szerokość produktu', 'values': ['23 cm'], 'highlight': False}, {'name': 'Wysokość produktu', 'values': ['26 cm'], 'highlight': False}, {'name': 'Obrotowa podstawa', 'values': ['tak'], 'highlight': False}]","[{'name': 'Pojemność', 'values': ['1.7 l'], 'highlight': False}, {'name': 'Szerokość produktu', 'values': ['23 cm'], 'highlight': False}, {'name': 'Wysokość produktu', 'values': ['26 cm'], 'highlight': False}, {'name': 'Obrotowa podstawa', 'values': ['tak'], 'highlight': False}]",40724917804519,139.00,PLN,x,,4.87,1117,True,80,159,22101.0,https://allegro.pl/oferta/13040412724,20164490,OleOlepl,https://allegro.pl/uzytkownik/OleOlepl,98.8,False
13787273979,Czajnik elektryczny RAVEN EC023 2200 W srebrny/szary,False,allegro,Czajnik elektryczny RAVEN EC023 2200 W srebrny/szary,True,True,"[{'name': 'Stan', 'values': ['Nowy'], 'highlight': False}, {'name': 'Pojemność', 'values': ['1.7 l'], 'highlight': False}, {'name': 'Obrotowa podstawa', 'values': ['tak'], 'highlight': False}]","[{'name': 'Pojemność', 'values': ['1.7 l'], 'highlight': False}, {'name': 'Obrotowa podstawa', 'values': ['tak'], 'highlight': False}]",5902837834177,119.00,PLN,x,,4.89,238,True,11,157,18683.0,https://allegro.pl/oferta/13787273979,105285248,Oficjalny sklep Raven,https://allegro.pl/uzytkownik/sma_raven,98.5,True
14102349609,Czajnik tradycyjny stalowy Elitehoff 3 l odcienie szarości i srebra,False,allegro,Czajnik tradycyjny stalowy Elitehoff 3 l odcienie szarości i srebra,True,False,"[{'name': 'Stan', 'values': ['Nowy'], 'highlight': False}, {'name': 'Rodzaj', 'values': ['czajnik tradycyjny'], 'highlight': True}, {'name': 'Materiał', 'values': ['stalowy'], 'highlight': False}]","[{'name': 'Rodzaj', 'values': ['czajnik tradycyjny'], 'highlight': True}, {'name': 'Materiał', 'values': ['stalowy'], 'highlight': False}]",6955207361932,49.99,PLN,x,,4.97,122,True,2,155,7748.450000000001,https://allegro.pl/oferta/14102349609,102116115,Sklep_TODOMI,https://allegro.pl/uzytkownik/Sklep_TODOMI,99.5,True
13679068595,"Czajnik tradycyjny stalowy Tadar 1,5 l czarny",False,allegro,"Czajnik tradycyjny stalowy Tadar 1,5 l czarny",True,False,"[{'name': 'Stan', 'values': ['Nowy'], 'highlight': False}, {'name': 'Rodzaj', 'values': ['czajnik tradycyjny'], 'highlight': True}, {'name': 'Materiał', 'values': ['stalowy'], 'highlight': False}]","[{'name': 'Rodzaj', 'values': ['czajnik tradycyjny'], 'highlight': True}, {'name': 'Materiał', 'values': ['stalowy'], 'highlight': False}]",N/A,29.99,PLN,x,,4.85,212,True,16,150,4498.5,https://allegro.pl/oferta/13679068595,27041461,tadar_pl,https://allegro.pl/uzytkownik/tadar_pl,99.4,True
14075166092,Czajnik tradycyjny stalowy Tadar 3 l czarny,False,allegro,Czajnik tradycyjny stalowy Tadar 3 l czarny,True,False,"[{'name': 'Stan', 'values': ['Nowy'], 'highlight': False}, {'name': 'Rodzaj', 'values': ['czajnik tradycyjny'], 'highlight': True}, {'name': 'Materiał', 'values': ['stalowy'], 'highlight': False}]","[{'name': 'Rodzaj', 'values': ['czajnik tradycyjny'], 'highlight': True}, {'name': 'Materiał', 'values': ['stalowy'], 'highlight': False}]",5903313418669,57.99,PLN,x,,4.79,599,True,22,149,8640.51,https://allegro.pl/oferta/14075166092,27041461,tadar_pl,https://allegro.pl/uzytkownik/tadar_pl,99.4,True
9785431390,Zaparzacz dzbanek Cosy&Pretty MONTESSIMO 1500 ml 5 filiżanek,False,allegro,Zaparzacz dzbanek Cosy&Pretty MONTESSIMO 1500 ml 5 filiżanek,True,False,"[{'name': 'Stan', 'values': ['Nowy'], 'highlight': False}, {'name': 'Materiał', 'values': ['szkło'], 'highlight': False}]","[{'name': 'Materiał', 'values': ['szkło'], 'highlight': False}]",N/A,40.00,PLN,x,,4.91,379,True,16,148,5920.0,https://allegro.pl/oferta/9785431390,88413831,prodomy,https://allegro.pl/uzytkownik/prodomy,99.7,True
10861179975,Czajnik elektryczny Berdsen BD-701 czarny 2200 W czarny,False,allegro,Czajnik elektryczny Berdsen BD-701 czarny 2200 W czarny,True,True,"[{'name': 'Stan', 'values': ['Nowy'], 'highlight': False}, {'name': 'Pojemność', 'values': ['1.7 l'], 'highlight': False}, {'name': 'Szerokość produktu', 'values': ['21 cm'], 'highlight': False}, {'name': 'Wysokość produktu', 'values': ['29 cm'], 'highlight': False}]","[{'name': 'Pojemność', 'values': ['1.7 l'], 'highlight': False}, {'name': 'Szerokość produktu', 'values': ['21 cm'], 'highlight': False}, {'name': 'Wysokość produktu', 'values': ['29 cm'], 'highlight': False}]",N/A,117.59,PLN,x,,4.85,1494,True,114,148,17403.32,https://allegro.pl/oferta/10861179975,41142443,JAN-SHOP,https://allegro.pl/uzytkownik/JAN-SHOP,99.1,True
14594472878,Czajnik elektryczny SEJOY TN74 800 W biały,True,allegro,Czajnik elektryczny SEJOY TN74 800 W biały,True,True,"[{'name': 'Stan', 'values': ['Nowy'], 'highlight': False}, {'name': 'Pojemność', 'values': ['1.2 l'], 'highlight': False}, {'name': 'Szerokość produktu', 'values': ['24 cm'], 'highlight': False}, {'name': 'Wysokość produktu', 'values': ['30.5 cm'], 'highlight': False}, {'name': 'Obrotowa podstawa', 'values': ['tak'], 'highlight': False}]","[{'name': 'Pojemność', 'values': ['1.2 l'], 'highlight': False}, {'name': 'Szerokość produktu', 'values': ['24 cm'], 'highlight': False}, {'name': 'Wysokość produktu', 'values': ['30.5 cm'], 'highlight': False}, {'name': 'Obrotowa podstawa', 'values': ['tak'], 'highlight': False}]",6970392218380,159.00,PLN,x,,4.72,157,True,17,92,14628.0,https://allegro.pl/oferta/14594472878,109988085,SejoyOfficial,https://allegro.pl/uzytkownik/SejoyOfficial,98.9,True
14210625336,Czajnik elektryczny Concept RK4170 1700 W czarny,False,allegro,Czajnik elektryczny Concept RK4170 1700 W czarny,True,False,"[{'name': 'Stan', 'values': ['Nowy'], 'highlight': False}, {'name': 'Pojemność', 'values': ['1.7 l'], 'highlight': False}, {'name': 'Szerokość produktu', 'values': ['22.5 cm'], 'highlight': False}, {'name': 'Wysokość produktu', 'values': ['27.5 cm'], 'highlight': False}, {'name': 'Obrotowa podstawa', 'values': ['tak'], 'highlight': False}]","[{'name': 'Pojemność', 'values': ['1.7 l'], 'highlight': False}, {'name': 'Szerokość produktu', 'values': ['22.5 cm'], 'highlight': False}, {'name': 'Wysokość produktu', 'values': ['27.5 cm'], 'highlight': False}, {'name': 'Obrotowa podstawa', 'values': ['tak'], 'highlight': False}]",N/A,140.00,PLN,x,,4.76,251,True,63,148,20720.0,https://allegro.pl/oferta/14210625336,46248672,gwarancjacen2,https://allegro.pl/uzytkownik/gwarancjacen2,99.5,True
15073254862,Czajnik elektryczny SILVERSHARKY SHAR-KET01 2200 W srebrny/szary,False,allegro,Czajnik elektryczny SILVERSHARKY SHAR-KET01 2200 W srebrny/szary,True,False,"[{'name': 'Stan', 'values': ['Nowy'], 'highlight': False}, {'name': 'Pojemność', 'values': ['1.8 l'], 'highlight': False}, {'name': 'Szerokość produktu', 'values': ['29 cm'], 'highlight': False}, {'name': 'Wysokość produktu', 'values': ['24 cm'], 'highlight': False}, {'name': 'Obrotowa podstawa', 'values': ['tak'], 'highlight': False}]","[{'name': 'Pojemność', 'values': ['1.8 l'], 'highlight': False}, {'name': 'Szerokość produktu', 'values': ['29 cm'], 'highlight': False}, {'name': 'Wysokość produktu', 'values': ['24 cm'], 'highlight': False}, {'name': 'Obrotowa podstawa', 'values': ['tak'], 'highlight': False}]",5905951198941,45.00,PLN,x,,4.62,13,True,3,149,6705.0,https://allegro.pl/oferta/15073254862,99448746,SilverSharky,https://allegro.pl/uzytkownik/SilverSharky,98.8,True
14351163249,"Czajnik elektryczny Esperanza MOCNY CZAJNIK ELEKTRYCZNY BEZPRZEWODOWY 1,8L 1800 W czarny",False,allegro,"Czajnik elektryczny Esperanza MOCNY CZAJNIK ELEKTRYCZNY BEZPRZEWODOWY 1,8L 1800 W czarny",True,False,"[{'name': 'Stan', 'values': ['Nowy'], 'highlight': False}, {'name': 'Pojemność', 'values': ['1.8 l'], 'highlight': False}, {'name': 'Szerokość produktu', 'values': ['24 cm'], 'highlight': False}, {'name': 'Wysokość produktu', 'values': ['19 cm'], 'highlight': False}, {'name': 'Obrotowa podstawa', 'values': ['tak'], 'highlight': False}]","[{'name': 'Pojemność', 'values': ['1.8 l'], 'highlight': False}, {'name': 'Szerokość produktu', 'values': ['24 cm'], 'highlight': False}, {'name': 'Wysokość produktu', 'values': ['19 cm'], 'highlight': False}, {'name': 'Obrotowa podstawa', 'values': ['tak'], 'highlight': False}]",N/A,45.00,PLN,x,,4.61,287,True,23,146,6570.0,https://allegro.pl/oferta/14351163249,101459586,Home_Gadget,https://allegro.pl/uzytkownik/Home_Gadget,98.9,True
14075111193,"Czajnik tradycyjny stalowy Tadar 3 l czarny, odcienie brązu i beżu",False,allegro,"Czajnik tradycyjny stalowy Tadar 3 l czarny, odcienie brązu i beżu",True,False,"[{'name': 'Stan', 'values': ['Nowy'], 'highlight': False}, {'name': 'Rodzaj', 'values': ['czajnik tradycyjny'], 'highlight': True}, {'name': 'Materiał', 'values': ['stalowy'], 'highlight': False}]","[{'name': 'Rodzaj', 'values': ['czajnik tradycyjny'], 'highlight': True}, {'name': 'Materiał', 'values': ['stalowy'], 'highlight': False}]",5903313418676,64.99,PLN,x,,4.82,175,True,13,145,9423.55,https://allegro.pl/oferta/14075111193,27041461,tadar_pl,https://allegro.pl/uzytkownik/tadar_pl,99.4,True
13597417808,Czajnik tradycyjny stalowy Tadar 3 l czarny,False,allegro,Czajnik tradycyjny stalowy Tadar 3 l czarny,True,False,"[{'name': 'Stan', 'values': ['Nowy'], 'highlight': False}, {'name': 'Rodzaj', 'values': ['czajnik tradycyjny'], 'highlight': True}, {'name': 'Materiał', 'values': ['stalowy'], 'highlight': False}]","[{'name': 'Rodzaj', 'values': ['czajnik tradycyjny'], 'highlight': True}, {'name': 'Materiał', 'values': ['stalowy'], 'highlight': False}]",5903313424059,59.99,PLN,x,"{'name': 'Kolor/Wzór', 'type': 'IMAGE', 'source': 'photo', 'variants': [{'id': '5d7a8d3336ad3a4f3e358369ffa41ebb14bf75b95e5da18cba27deddeac9f349', 'image': {'url': 'https://a.allegroimg.com/original/1193c4/1975691040a79980320c6ed5577f'}, 'selected': True, 'offer': {'url': 'https://allegro.pl/oferta/czajnik-z-gwizdkiem-czarny-czajnik-indukcja-gaz-3l-13597417808'}}, {'id': '9320d625c6cfa20dba8c9e16b5967224ce1d41b5698539504ddcdd8845fb1d66', 'image': {'url': 'https://a.allegroimg.com/original/11efc9/c9a24a67407d8c6918e3eade4480'}, 'selected': False, 'offer': {'url': 'https://allegro.pl/oferta/tradycyjny-czajnik-z-gwizdkiem-na-gaz-indukcja-3l-13045721410'}}]}",4.86,677,True,30,140,8398.6,https://allegro.pl/oferta/13597417808,27041461,tadar_pl,https://allegro.pl/uzytkownik/tadar_pl,99.4,True
14085862789,Czajnik tradycyjny stalowy Karl Hausmann 3 l czarny,False,allegro,Czajnik tradycyjny stalowy Karl Hausmann 3 l czarny,True,False,"[{'name': 'Stan', 'values': ['Nowy'], 'highlight': False}, {'name': 'Rodzaj', 'values': ['czajnik tradycyjny'], 'highlight': True}, {'name': 'Materiał', 'values': ['stalowy'], 'highlight': False}]","[{'name': 'Rodzaj', 'values': ['czajnik tradycyjny'], 'highlight': True}, {'name': 'Materiał', 'values': ['stalowy'], 'highlight': False}]",5905155012326,59.99,PLN,x,"{'name': 'Kolor/Wzór', 'type': 'IMAGE', 'source': 'photo', 'variants': [{'id': '917c84ca3534e8008e7fbf9ee07485b7f7b2efe89a49418142ea93cd8e824807', 'image': {'url': 'https://a.allegroimg.com/original/114952/9f95cb2f40d992e0411b59e53b31'}, 'selected': True, 'offer': {'url': 'https://allegro.pl/oferta/czajnik-tradycyjny-z-gwizdkiem-stalowy-3l-gaz-14085862789'}}, {'id': '0426bb4d00b58ba47c138d4e3d37f55f5c29efc51d513396e3c053f819e332d9', 'image': {'url': 'https://a.allegroimg.com/original/11c3c3/8f9f46704f4bb1eeabea2aaccefb'}, 'selected': False, 'offer': {'url': 'https://allegro.pl/oferta/czajnik-stalowy-tradycyjny-3l-gwizdek-uchwyt-na-gaz-indukcja-15130305528'}}]}",4.96,230,True,26,140,8398.6,https://allegro.pl/oferta/14085862789,110948258,_Pikanteria_,https://allegro.pl/uzytkownik/_Pikanteria_,99.6,True
14925579185,Czajnik tradycyjny stalowy Tadar 2 l odcienie szarości i srebra,False,allegro,Czajnik tradycyjny stalowy Tadar 2 l odcienie szarości i srebra,True,False,"[{'name': 'Stan', 'values': ['Nowy'], 'highlight': False}, {'name': 'Rodzaj', 'values': ['czajnik tradycyjny'], 'highlight': True}, {'name': 'Materiał', 'values': ['stalowy'], 'highlight': False}]","[{'name': 'Rodzaj', 'values': ['czajnik tradycyjny'], 'highlight': True}, {'name': 'Materiał', 'values': ['stalowy'], 'highlight': False}]",N/A,37.99,PLN,x,,4.82,33,True,8,138,5242.62,https://allegro.pl/oferta/14925579185,27041461,tadar_pl,https://allegro.pl/uzytkownik/tadar_pl,99.4,True
14086844660,Czajnik elektryczny Camry CR1300 2200 W czarny,True,allegro,Czajnik elektryczny Camry CR1300 2200 W czarny,True,True,"[{'name': 'Stan', 'values': ['Nowy'], 'highlight': False}, {'name': 'Pojemność', 'values': ['1.7 l'], 'highlight': False}, {'name': 'Szerokość produktu', 'values': ['21 cm'], 'highlight': False}, {'name': 'Wysokość produktu', 'values': ['25 cm'], 'highlight': False}, {'name': 'Obrotowa podstawa', 'values': ['tak'], 'highlight': False}]","[{'name': 'Pojemność', 'values': ['1.7 l'], 'highlight': False}, {'name': 'Szerokość produktu', 'values': ['21 cm'], 'highlight': False}, {'name': 'Wysokość produktu', 'values': ['25 cm'], 'highlight': False}, {'name': 'Obrotowa podstawa', 'values': ['tak'], 'highlight': False}]",5903887803892,66.90,PLN,x,,4.97,34,True,102,165,11038.500000000002,https://allegro.pl/oferta/14086844660,112260673,Oficjalny sklep Camry,https://allegro.pl/uzytkownik/Sklep_Camry,99.8,True
14137060345,Czajnik elektryczny Esperanza Salto Angel 2200 W biały,False,allegro,Czajnik elektryczny Esperanza Salto Angel 2200 W biały,True,False,"[{'name': 'Stan', 'values': ['Nowy'], 'highlight': False}, {'name': 'Pojemność', 'values': ['1.7 l'], 'highlight': False}, {'name': 'Obrotowa podstawa', 'values': ['tak'], 'highlight': False}]","[{'name': 'Pojemność', 'values': ['1.7 l'], 'highlight': False}, {'name': 'Obrotowa podstawa', 'values': ['tak'], 'highlight': False}]",5903886012059,53.88,PLN,x,,4.82,1167,True,144,133,7166.04,https://allegro.pl/oferta/14137060345,107375281,twdprojekt3,https://allegro.pl/uzytkownik/twdprojekt3,99.2,True
15052103410,Czajnik elektryczny Aigostar Cris 2200 W srebrny/szary,False,allegro,Czajnik elektryczny Aigostar Cris 2200 W srebrny/szary,True,True,"[{'name': 'Stan', 'values': ['Nowy'], 'highlight': False}, {'name': 'Pojemność', 'values': ['1.7 l'], 'highlight': False}, {'name': 'Szerokość produktu', 'values': ['15.4 cm'], 'highlight': False}, {'name': 'Wysokość produktu', 'values': ['24 cm'], 'highlight': False}, {'name': 'Obrotowa podstawa', 'values': ['tak'], 'highlight': False}]","[{'name': 'Pojemność', 'values': ['1.7 l'], 'highlight': False}, {'name': 'Szerokość produktu', 'values': ['15.4 cm'], 'highlight': False}, {'name': 'Wysokość produktu', 'values': ['24 cm'], 'highlight': False}, {'name': 'Obrotowa podstawa', 'values': ['tak'], 'highlight': False}]",8433325196516,96.99,PLN,x,,4.90,1514,True,16,133,12899.67,https://allegro.pl/oferta/15052103410,49041864,aigostar_polska,https://allegro.pl/uzytkownik/aigostar_polska,100,False
14357474972,Czajnik elektryczny Tefal KO2991 2400 W biały,False,allegro,Czajnik elektryczny Tefal KO2991 2400 W biały,True,True,"[{'name': 'Stan', 'values': ['Nowy'], 'highlight': False}, {'name': 'Pojemność', 'values': ['1.5 l'], 'highlight': False}, {'name': 'Szerokość produktu', 'values': ['20 cm'], 'highlight': False}, {'name': 'Wysokość produktu', 'values': ['18 cm'], 'highlight': False}, {'name': 'Obrotowa podstawa', 'values': ['tak'], 'highlight': False}]","[{'name': 'Pojemność', 'values': ['1.5 l'], 'highlight': False}, {'name': 'Szerokość produktu', 'values': ['20 cm'], 'highlight': False}, {'name': 'Wysokość produktu', 'values': ['18 cm'], 'highlight': False}, {'name': 'Obrotowa podstawa', 'values': ['tak'], 'highlight': False}]",3045386356027,129.00,PLN,x,,4.80,1235,True,34,131,16899.0,https://allegro.pl/oferta/14357474972,89155236,Oficjalny sklep TEFAL,https://allegro.pl/uzytkownik/Tefal_Polska,99,False
13750820852,Czajnik elektryczny Manta Orisa 2200 W srebrny,False,allegro,Czajnik elektryczny Manta Orisa 2200 W srebrny,True,True,"[{'name': 'Stan', 'values': ['Nowy'], 'highlight': False}, {'name': 'Pojemność', 'values': ['1.7 l'], 'highlight': False}, {'name': 'Szerokość produktu', 'values': ['22.5 cm'], 'highlight': False}, {'name': 'Wysokość produktu', 'values': ['25 cm'], 'highlight': False}, {'name': 'Obrotowa podstawa', 'values': ['tak'], 'highlight': False}]","[{'name': 'Pojemność', 'values': ['1.7 l'], 'highlight': False}, {'name': 'Szerokość produktu', 'values': ['22.5 cm'], 'highlight': False}, {'name': 'Wysokość produktu', 'values': ['25 cm'], 'highlight': False}, {'name': 'Obrotowa podstawa', 'values': ['tak'], 'highlight': False}]",5902510607678,109.00,PLN,x,,4.85,168,True,4,131,14279.0,https://allegro.pl/oferta/13750820852,109877885,Oficjalny sklep Manta,https://allegro.pl/uzytkownik/MantaSklep,99.5,True
14483763340,"Czajnik tradycyjny stalowy Konighoffer 2,3 l czarny",False,allegro,"Czajnik tradycyjny stalowy Konighoffer 2,3 l czarny",True,True,"[{'name': 'Stan', 'values': ['Nowy'], 'highlight': False}, {'name': 'Rodzaj', 'values': ['czajnik tradycyjny'], 'highlight': True}, {'name': 'Materiał', 'values': ['stalowy'], 'highlight': False}]","[{'name': 'Rodzaj', 'values': ['czajnik tradycyjny'], 'highlight': True}, {'name': 'Materiał', 'values': ['stalowy'], 'highlight': False}]",N/A,57.99,PLN,x,,4.51,194,True,8,128,7422.72,https://allegro.pl/oferta/14483763340,67911447,Oficjalny sklep KonigHOFFER,https://allegro.pl/uzytkownik/KonigHOFFER,99.4,True
14543834050,"Czajnik elektryczny z tworzywa sztucznego Kamille 0,6 l biały, odcienie błękitu",False,allegro,"Czajnik elektryczny z tworzywa sztucznego Kamille 0,6 l biały, odcienie błękitu",True,False,"[{'name': 'Stan', 'values': ['Nowy'], 'highlight': False}, {'name': 'Pojemność', 'values': ['0.6 l'], 'highlight': False}, {'name': 'Obrotowa podstawa', 'values': ['nie'], 'highlight': False}]","[{'name': 'Pojemność', 'values': ['0.6 l'], 'highlight': False}, {'name': 'Obrotowa podstawa', 'values': ['nie'], 'highlight': False}]",5902539658989,38.88,PLN,x,,4.91,985,True,21,129,5015.52,https://allegro.pl/oferta/14543834050,41965074,EkstraAGD,https://allegro.pl/uzytkownik/EkstraAGD,98.9,True
14123261545,Czajnik elektryczny FLORIA DOUBLE WALL KETTLE 1500 W czarny,False,allegro,Czajnik elektryczny FLORIA DOUBLE WALL KETTLE 1500 W czarny,True,True,"[{'name': 'Stan', 'values': ['Nowy'], 'highlight': False}, {'name': 'Pojemność', 'values': ['2 l'], 'highlight': False}]","[{'name': 'Pojemność', 'values': ['2 l'], 'highlight': False}]",8682744804919,48.70,PLN,x,,4.55,78,True,3,127,6184.900000000001,https://allegro.pl/oferta/14123261545,49102091,IBE-STORE,https://allegro.pl/uzytkownik/IBE-STORE,98.7,False
14281937887,Czajnik elektryczny Amica KF 4012 2200 W czarny,True,allegro,Czajnik elektryczny Amica KF 4012 2200 W czarny,False,True,"[{'name': 'Stan', 'values': ['Nowy'], 'highlight': False}, {'name': 'Pojemność', 'values': ['1.5 l'], 'highlight': False}, {'name': 'Szerokość produktu', 'values': ['22.7 cm'], 'highlight': False}, {'name': 'Wysokość produktu', 'values': ['23.6 cm'], 'highlight': False}, {'name': 'Obrotowa podstawa', 'values': ['tak'], 'highlight': False}]","[{'name': 'Pojemność', 'values': ['1.5 l'], 'highlight': False}, {'name': 'Szerokość produktu', 'values': ['22.7 cm'], 'highlight': False}, {'name': 'Wysokość produktu', 'values': ['23.6 cm'], 'highlight': False}, {'name': 'Obrotowa podstawa', 'values': ['tak'], 'highlight': False}]",5906006940263,149.00,PLN,x,,4.74,42,True,6,52,7748.0,https://allegro.pl/oferta/14281937887,91445913,Oficjalny sklep Amica,https://allegro.pl/uzytkownik/SmA_Amica,98.7,False
13995882926,Czajnik tradycyjny stalowy Vilde 3 l czarny,False,allegro,Czajnik tradycyjny stalowy Vilde 3 l czarny,True,False,"[{'name': 'Stan', 'values': ['Nowy'], 'highlight': False}, {'name': 'Rodzaj', 'values': ['czajnik tradycyjny'], 'highlight': True}, {'name': 'Materiał', 'values': ['stalowy'], 'highlight': False}]","[{'name': 'Rodzaj', 'values': ['czajnik tradycyjny'], 'highlight': True}, {'name': 'Materiał', 'values': ['stalowy'], 'highlight': False}]",5904316457112,74.99,PLN,x,,4.81,139,True,26,125,9373.75,https://allegro.pl/oferta/13995882926,105388471,vilde_pl,https://allegro.pl/uzytkownik/vilde_pl,99,True
14758603529,Czajnik elektryczny EMAVO Czajnik elektryczny szklany z podświetleniem 2200 W przezroczysty,False,allegro,Czajnik elektryczny EMAVO Czajnik elektryczny szklany z podświetleniem 2200 W przezroczysty,True,False,"[{'name': 'Stan', 'values': ['Nowy'], 'highlight': False}, {'name': 'Pojemność', 'values': ['1.7 l'], 'highlight': False}, {'name': 'Obrotowa podstawa', 'values': ['tak'], 'highlight': False}]","[{'name': 'Pojemność', 'values': ['1.7 l'], 'highlight': False}, {'name': 'Obrotowa podstawa', 'values': ['tak'], 'highlight': False}]",5907512871638,49.00,PLN,x,,4.86,43,True,1,125,6125.0,https://allegro.pl/oferta/14758603529,50643800,emavo,https://allegro.pl/uzytkownik/emavo,99,True
13423476832,Czajnik elektryczny Zilan ZLN 6128 1650 W czarny,False,allegro,Czajnik elektryczny Zilan ZLN 6128 1650 W czarny,True,False,"[{'name': 'Stan', 'values': ['Nowy'], 'highlight': False}, {'name': 'Pojemność', 'values': ['1.5 l'], 'highlight': False}]","[{'name': 'Pojemność', 'values': ['1.5 l'], 'highlight': False}]",8682744806128,64.30,PLN,x,,4.68,103,True,4,124,7973.2,https://allegro.pl/oferta/13423476832,49102091,IBE-STORE,https://allegro.pl/uzytkownik/IBE-STORE,98.7,False
14117627124,Czajnik elektryczny RAVEN EC025C 2200 W czarny,False,allegro,Czajnik elektryczny RAVEN EC025C 2200 W czarny,True,True,"[{'name': 'Stan', 'values': ['Nowy'], 'highlight': False}, {'name': 'Pojemność', 'values': ['1.7 l'], 'highlight': False}, {'name': 'Obrotowa podstawa', 'values': ['tak'], 'highlight': False}]","[{'name': 'Pojemność', 'values': ['1.7 l'], 'highlight': False}, {'name': 'Obrotowa podstawa', 'values': ['tak'], 'highlight': False}]",5902837836126,79.00,PLN,x,,4.78,164,True,16,123,9717.0,https://allegro.pl/oferta/14117627124,105285248,Oficjalny sklep Raven,https://allegro.pl/uzytkownik/sma_raven,98.5,True
14057362033,Czajnik elektryczny Lafe CEG-0010.1 600 W biały,False,allegro,Czajnik elektryczny Lafe CEG-0010.1 600 W biały,True,False,"[{'name': 'Stan', 'values': ['Nowy'], 'highlight': False}, {'name': 'Pojemność', 'values': ['0.6 l'], 'highlight': False}, {'name': 'Szerokość produktu', 'values': ['15 cm'], 'highlight': False}, {'name': 'Wysokość produktu', 'values': ['17.5 cm'], 'highlight': False}, {'name': 'Obrotowa podstawa', 'values': ['nie'], 'highlight': False}]","[{'name': 'Pojemność', 'values': ['0.6 l'], 'highlight': False}, {'name': 'Szerokość produktu', 'values': ['15 cm'], 'highlight': False}, {'name': 'Wysokość produktu', 'values': ['17.5 cm'], 'highlight': False}, {'name': 'Obrotowa podstawa', 'values': ['nie'], 'highlight': False}]",5907512861189,34.95,PLN,x,,4.88,1622,True,72,123,4298.85,https://allegro.pl/oferta/14057362033,1564552,Ozir_2010,https://allegro.pl/uzytkownik/Ozir_2010,99.2,False
14596587009,Czajnik elektryczny Concept RK3300 2200 W biały,False,allegro,Czajnik elektryczny Concept RK3300 2200 W biały,True,False,"[{'name': 'Stan', 'values': ['Nowy'], 'highlight': False}, {'name': 'Pojemność', 'values': ['1.5 l'], 'highlight': False}, {'name': 'Szerokość produktu', 'values': ['21.5 cm'], 'highlight': False}, {'name': 'Wysokość produktu', 'values': ['25.5 cm'], 'highlight': False}, {'name': 'Obrotowa podstawa', 'values': ['tak'], 'highlight': False}]","[{'name': 'Pojemność', 'values': ['1.5 l'], 'highlight': False}, {'name': 'Szerokość produktu', 'values': ['21.5 cm'], 'highlight': False}, {'name': 'Wysokość produktu', 'values': ['25.5 cm'], 'highlight': False}, {'name': 'Obrotowa podstawa', 'values': ['tak'], 'highlight': False}]",8595631010402,229.97,PLN,x,,4.82,233,True,53,121,27826.37,https://allegro.pl/oferta/14596587009,48038956,ELECTROBOSS,https://allegro.pl/uzytkownik/ELECTROBOSS,98.9,True
14135164687,Toster Łucznik TS-50B czarny 700 W,False,allegro,Toster Łucznik TS-50B czarny 700 W,True,False,"[{'name': 'Stan', 'values': ['Nowy'], 'highlight': False}, {'name': 'Pojemność', 'values': ['2 tosty'], 'highlight': False}, {'name': 'Szerokość produktu', 'values': ['14 cm'], 'highlight': False}, {'name': 'Wysokość produktu', 'values': ['16 cm'], 'highlight': False}, {'name': 'Głębokość produktu', 'values': ['24 cm'], 'highlight': False}]","[{'name': 'Pojemność', 'values': ['2 tosty'], 'highlight': False}, {'name': 'Szerokość produktu', 'values': ['14 cm'], 'highlight': False}, {'name': 'Wysokość produktu', 'values': ['16 cm'], 'highlight': False}, {'name': 'Głębokość produktu', 'values': ['24 cm'], 'highlight': False}]",N/A,167.99,PLN,x,,4.73,1905,True,44,123,20662.77,https://allegro.pl/oferta/14135164687,104393832,Oficjalny sklep Łucznik,https://allegro.pl/uzytkownik/lucznik_polska,99.4,False
9672822622,Czajnik elektryczny Tefal KO250130 2400 W biały,True,allegro,Czajnik elektryczny Tefal KO250130 2400 W biały,True,True,"[{'name': 'Stan', 'values': ['Nowy'], 'highlight': False}, {'name': 'Pojemność', 'values': ['1.7 l'], 'highlight': False}, {'name': 'Wysokość produktu', 'values': ['24.5 cm'], 'highlight': False}, {'name': 'Obrotowa podstawa', 'values': ['tak'], 'highlight': False}]","[{'name': 'Pojemność', 'values': ['1.7 l'], 'highlight': False}, {'name': 'Wysokość produktu', 'values': ['24.5 cm'], 'highlight': False}, {'name': 'Obrotowa podstawa', 'values': ['tak'], 'highlight': False}]",3045386380152,159.00,PLN,x,,4.92,3016,True,66,368,58512.0,https://allegro.pl/oferta/9672822622,89155236,Oficjalny sklep TEFAL,https://allegro.pl/uzytkownik/Tefal_Polska,99,False
14245439695,Czajnik samochodowy stalowy metalowy 12V/24V STAL,False,allegro,Czajnik samochodowy stalowy metalowy 12V/24V STAL,True,True,"[{'name': 'Stan', 'values': ['Nowy'], 'highlight': False}]",[],5905143016862,73.00,PLN,x,,4.45,246,True,65,121,8833.0,https://allegro.pl/oferta/14245439695,14949693,MAT-COMPANY,https://allegro.pl/uzytkownik/MAT-COMPANY,98.5,False
13246365039,Czajnik elektryczny Zelmer ZCK8011I 2200 W beżowy/brązowy,False,allegro,Czajnik elektryczny Zelmer ZCK8011I 2200 W beżowy/brązowy,True,False,"[{'name': 'Stan', 'values': ['Nowy'], 'highlight': False}, {'name': 'Pojemność', 'values': ['1.7 l'], 'highlight': False}, {'name': 'Szerokość produktu', 'values': ['18.5 cm'], 'highlight': False}, {'name': 'Wysokość produktu', 'values': ['24 cm'], 'highlight': False}, {'name': 'Obrotowa podstawa', 'values': ['tak'], 'highlight': False}]","[{'name': 'Pojemność', 'values': ['1.7 l'], 'highlight': False}, {'name': 'Szerokość produktu', 'values': ['18.5 cm'], 'highlight': False}, {'name': 'Wysokość produktu', 'values': ['24 cm'], 'highlight': False}, {'name': 'Obrotowa podstawa', 'values': ['tak'], 'highlight': False}]",N/A,127.90,PLN,x,,4.77,1971,True,46,118,15092.2,https://allegro.pl/oferta/13246365039,49384135,AMPER_AGDRTV,https://allegro.pl/uzytkownik/AMPER_AGDRTV,99.5,True
10945904477,Czajnik elektryczny Esperanza EKK018B 2200 W biały,False,allegro,Czajnik elektryczny Esperanza EKK018B 2200 W biały,True,True,"[{'name': 'Stan', 'values': ['Nowy'], 'highlight': False}, {'name': 'Pojemność', 'values': ['1.7 l'], 'highlight': False}]","[{'name': 'Pojemność', 'values': ['1.7 l'], 'highlight': False}]",5901299932414,27.99,PLN,x,,4.45,639,True,66,116,3246.8399999999997,https://allegro.pl/oferta/10945904477,22669723,betmar2011,https://allegro.pl/uzytkownik/betmar2011,99.3,True
13605462278,Zaparzacz dzbanek Kinghoff IMBRYKI 1200 ml 5 filiżanek,False,allegro,Zaparzacz dzbanek Kinghoff IMBRYKI 1200 ml 5 filiżanek,True,False,"[{'name': 'Stan', 'values': ['Nowy'], 'highlight': False}, {'name': 'Materiał', 'values': ['żeliwo'], 'highlight': False}]","[{'name': 'Materiał', 'values': ['żeliwo'], 'highlight': False}]",5908287233324,72.90,PLN,x,,4.94,502,True,57,116,8456.400000000001,https://allegro.pl/oferta/13605462278,110554673,agd_Skelp24,https://allegro.pl/uzytkownik/agd_Skelp24,99.7,True
14661716693,"Czajnik tradycyjny stalowy Tefal 2,7 l odcienie szarości i srebra",False,allegro,"Czajnik tradycyjny stalowy Tefal 2,7 l odcienie szarości i srebra",True,False,"[{'name': 'Stan', 'values': ['Nowy'], 'highlight': False}, {'name': 'Rodzaj', 'values': ['czajnik tradycyjny'], 'highlight': True}, {'name': 'Materiał', 'values': ['stalowy'], 'highlight': False}]","[{'name': 'Rodzaj', 'values': ['czajnik tradycyjny'], 'highlight': True}, {'name': 'Materiał', 'values': ['stalowy'], 'highlight': False}]",3168430298569,139.00,PLN,x,,4.90,1517,True,41,113,15707.0,https://allegro.pl/oferta/14661716693,89155236,Oficjalny sklep TEFAL,https://allegro.pl/uzytkownik/Tefal_Polska,99,False
14505775740,Czajnik elektryczny TEESA TSA1511B 2200 W przezroczysty,False,allegro,Czajnik elektryczny TEESA TSA1511B 2200 W przezroczysty,True,True,"[{'name': 'Stan', 'values': ['Nowy'], 'highlight': False}, {'name': 'Pojemność', 'values': ['1.7 l'], 'highlight': False}, {'name': 'Szerokość produktu', 'values': ['15.7 cm'], 'highlight': False}, {'name': 'Wysokość produktu', 'values': ['24.5 cm'], 'highlight': False}, {'name': 'Obrotowa podstawa', 'values': ['tak'], 'highlight': False}]","[{'name': 'Pojemność', 'values': ['1.7 l'], 'highlight': False}, {'name': 'Szerokość produktu', 'values': ['15.7 cm'], 'highlight': False}, {'name': 'Wysokość produktu', 'values': ['24.5 cm'], 'highlight': False}, {'name': 'Obrotowa podstawa', 'values': ['tak'], 'highlight': False}]",5901890058001,64.60,PLN,x,,4.47,233,True,49,113,7299.799999999999,https://allegro.pl/oferta/14505775740,39772782,RebelElectro,https://allegro.pl/uzytkownik/RebelElectro,99.1,False
11948897889,Czajnik tradycyjny stalowy Tadar 3 l odcienie szarości i srebra,False,allegro,Czajnik tradycyjny stalowy Tadar 3 l odcienie szarości i srebra,True,False,"[{'name': 'Stan', 'values': ['Nowy'], 'highlight': False}, {'name': 'Rodzaj', 'values': ['czajnik tradycyjny'], 'highlight': True}, {'name': 'Materiał', 'values': ['stalowy'], 'highlight': False}]","[{'name': 'Rodzaj', 'values': ['czajnik tradycyjny'], 'highlight': True}, {'name': 'Materiał', 'values': ['stalowy'], 'highlight': False}]",N/A,49.99,PLN,x,,4.92,286,True,15,113,5648.87,https://allegro.pl/oferta/11948897889,104277216,Oficjalny sklep TADAR,https://allegro.pl/uzytkownik/TADAR_brand,99.3,True
13144024493,Czajnik elektryczny Sencor SWK 1031SS 2000 W srebrny/szary,True,allegro,Czajnik elektryczny Sencor SWK 1031SS 2000 W srebrny/szary,False,True,"[{'name': 'Stan', 'values': ['Nowy'], 'highlight': False}, {'name': 'Pojemność', 'values': ['1 l'], 'highlight': False}, {'name': 'Szerokość produktu', 'values': ['19.5 cm'], 'highlight': False}, {'name': 'Wysokość produktu', 'values': ['18 cm'], 'highlight': False}, {'name': 'Obrotowa podstawa', 'values': ['tak'], 'highlight': False}]","[{'name': 'Pojemność', 'values': ['1 l'], 'highlight': False}, {'name': 'Szerokość produktu', 'values': ['19.5 cm'], 'highlight': False}, {'name': 'Wysokość produktu', 'values': ['18 cm'], 'highlight': False}, {'name': 'Obrotowa podstawa', 'values': ['tak'], 'highlight': False}]",N/A,69.90,PLN,x,,4.54,611,True,7,36,2516.4,https://allegro.pl/oferta/13144024493,101538758,easybuy24,https://allegro.pl/uzytkownik/easybuy24,99.6,True
15114815527,Czajnik elektryczny Esperanza Titanum Roraima 1800 W inox,False,allegro,Czajnik elektryczny Esperanza Titanum Roraima 1800 W inox,True,False,"[{'name': 'Stan', 'values': ['Nowy'], 'highlight': False}, {'name': 'Pojemność', 'values': ['1.8 l'], 'highlight': False}, {'name': 'Szerokość produktu', 'values': ['21 cm'], 'highlight': False}, {'name': 'Wysokość produktu', 'values': ['23 cm'], 'highlight': False}, {'name': 'Obrotowa podstawa', 'values': ['tak'], 'highlight': False}]","[{'name': 'Pojemność', 'values': ['1.8 l'], 'highlight': False}, {'name': 'Szerokość produktu', 'values': ['21 cm'], 'highlight': False}, {'name': 'Wysokość produktu', 'values': ['23 cm'], 'highlight': False}, {'name': 'Obrotowa podstawa', 'values': ['tak'], 'highlight': False}]",5900681223741,27.98,PLN,x,,4.55,11267,True,31,112,3133.76,https://allegro.pl/oferta/15114815527,107146654,Oficjalny sklep Elektromet,https://allegro.pl/uzytkownik/elstrong2,97.7,False
13737504541,Czajnik elektryczny Balter Home WK-08-BL 2200 W czarny,False,allegro,Czajnik elektryczny Balter Home WK-08-BL 2200 W czarny,True,False,"[{'name': 'Stan', 'values': ['Nowy'], 'highlight': False}, {'name': 'Pojemność', 'values': ['1.5 l'], 'highlight': False}, {'name': 'Szerokość produktu', 'values': ['24 cm'], 'highlight': False}, {'name': 'Wysokość produktu', 'values': ['25 cm'], 'highlight': False}, {'name': 'Obrotowa podstawa', 'values': ['tak'], 'highlight': False}]","[{'name': 'Pojemność', 'values': ['1.5 l'], 'highlight': False}, {'name': 'Szerokość produktu', 'values': ['24 cm'], 'highlight': False}, {'name': 'Wysokość produktu', 'values': ['25 cm'], 'highlight': False}, {'name': 'Obrotowa podstawa', 'values': ['tak'], 'highlight': False}]",4260132688262,239.00,PLN,x,,4.82,150,True,15,112,26768.0,https://allegro.pl/oferta/13737504541,108438103,UniHome,https://allegro.pl/uzytkownik/UniHome,99.9,True
14966350486,Czajnik elektryczny Transa Electronics BoiLed Glass 2200 W przezroczysty,False,allegro,Czajnik elektryczny Transa Electronics BoiLed Glass 2200 W przezroczysty,True,False,"[{'name': 'Stan', 'values': ['Nowy'], 'highlight': False}, {'name': 'Pojemność', 'values': ['1.8 l'], 'highlight': False}, {'name': 'Szerokość produktu', 'values': ['23 cm'], 'highlight': False}, {'name': 'Wysokość produktu', 'values': ['23 cm'], 'highlight': False}, {'name': 'Obrotowa podstawa', 'values': ['tak'], 'highlight': False}]","[{'name': 'Pojemność', 'values': ['1.8 l'], 'highlight': False}, {'name': 'Szerokość produktu', 'values': ['23 cm'], 'highlight': False}, {'name': 'Wysokość produktu', 'values': ['23 cm'], 'highlight': False}, {'name': 'Obrotowa podstawa', 'values': ['tak'], 'highlight': False}]",5904933522927,149.00,PLN,x,,4.98,41,True,2,110,16390.0,https://allegro.pl/oferta/14966350486,88934095,Oficjalny sklep Transa Electronics,https://allegro.pl/uzytkownik/TransaElectronic,100,True
15075538224,"Odkamieniacz w proszku do sprzętów kuchennych Kamix Odkamieniacz 0,05 l",False,allegro,"Odkamieniacz w proszku do sprzętów kuchennych Kamix Odkamieniacz 0,05 l",True,False,"[{'name': 'Stan', 'values': ['Nowy'], 'highlight': False}, {'name': 'Opakowanie produktu', 'values': ['kartonik'], 'highlight': False}, {'name': 'Częstotliwość stosowania', 'values': ['raz w miesiącu'], 'highlight': False}, {'name': 'Rodzaj', 'values': ['odkamieniacze do czajników i ekspresów'], 'highlight': False}]","[{'name': 'Opakowanie produktu', 'values': ['kartonik'], 'highlight': False}, {'name': 'Częstotliwość stosowania', 'values': ['raz w miesiącu'], 'highlight': False}, {'name': 'Rodzaj', 'values': ['odkamieniacze do czajników i ekspresów'], 'highlight': False}]",5905052000013,5.49,PLN,x,,4.93,688,True,72,108,592.9200000000001,https://allegro.pl/oferta/15075538224,118672425,Patroszop,https://allegro.pl/uzytkownik/Patroszop,100,False
13015390636,Czajnik elektryczny Bosch TWK7L460 2400 W srebrny/szary,False,allegro,Czajnik elektryczny Bosch TWK7L460 2400 W srebrny/szary,True,True,"[{'name': 'Stan', 'values': ['Nowy'], 'highlight': False}, {'name': 'Pojemność', 'values': ['1.7 l'], 'highlight': False}, {'name': 'Szerokość produktu', 'values': ['21.6 cm'], 'highlight': False}, {'name': 'Obrotowa podstawa', 'values': ['tak'], 'highlight': False}]","[{'name': 'Pojemność', 'values': ['1.7 l'], 'highlight': False}, {'name': 'Szerokość produktu', 'values': ['21.6 cm'], 'highlight': False}, {'name': 'Obrotowa podstawa', 'values': ['tak'], 'highlight': False}]",4242005294572,136.00,PLN,x,,4.81,54,True,5,105,14280.0,https://allegro.pl/oferta/13015390636,20164490,OleOlepl,https://allegro.pl/uzytkownik/OleOlepl,98.8,False
13557685208,Czajnik elektryczny Bass BH10350 2200 W srebrny/szary,False,allegro,Czajnik elektryczny Bass BH10350 2200 W srebrny/szary,True,False,"[{'name': 'Stan', 'values': ['Nowy'], 'highlight': False}, {'name': 'Pojemność', 'values': ['1.7 l'], 'highlight': False}, {'name': 'Obrotowa podstawa', 'values': ['nie'], 'highlight': False}]","[{'name': 'Pojemność', 'values': ['1.7 l'], 'highlight': False}, {'name': 'Obrotowa podstawa', 'values': ['nie'], 'highlight': False}]",5902067622766,65.90,PLN,x,,4.85,92,True,22,105,6919.500000000001,https://allegro.pl/oferta/13557685208,86175778,tojejsklep,https://allegro.pl/uzytkownik/tojejsklep,99.2,True
15130526771,"Czajnik tradycyjny stalowy Karl Hausmann 2,5 l czarny, odcienie brązu i beżu",False,allegro,"Czajnik tradycyjny stalowy Karl Hausmann 2,5 l czarny, odcienie brązu i beżu",True,False,"[{'name': 'Stan', 'values': ['Nowy'], 'highlight': False}, {'name': 'Rodzaj', 'values': ['czajnik tradycyjny'], 'highlight': True}, {'name': 'Materiał', 'values': ['stalowy'], 'highlight': False}]","[{'name': 'Rodzaj', 'values': ['czajnik tradycyjny'], 'highlight': True}, {'name': 'Materiał', 'values': ['stalowy'], 'highlight': False}]",5905155012142,57.99,PLN,x,"{'name': 'Kolor/Wzór', 'type': 'IMAGE', 'source': 'photo', 'variants': [{'id': 'd2f35c08e497a9cb8af1a40dc0ff923d413cbde50c4253d435e3ee40f8717651', 'image': {'url': 'https://a.allegroimg.com/original/119a3f/3ba4ed9b4dc288b29e4fa9f4cca5'}, 'selected': True, 'offer': {'url': 'https://allegro.pl/oferta/czarny-czajnik-tradycyjny-na-gaz-indukcja-drewniana-raczka-gwizdek-15130526771'}}, {'id': '10bccec509b3f4a4a80065403d890ce1fafe0fbbe236541eaaf8e70176b775d3', 'image': {'url': 'https://a.allegroimg.com/original/1130ba/a05014c7411fbeac449667330c2c'}, 'selected': False, 'offer': {'url': 'https://allegro.pl/oferta/czajnik-tradycyjny-2-5l-szary-z-gwizdkiem-drewniana-raczka-indukcja-gaz-15120062950'}}]}",5.00,4,True,13,106,6146.9400000000005,https://allegro.pl/oferta/15130526771,110948258,_Pikanteria_,https://allegro.pl/uzytkownik/_Pikanteria_,99.6,True
13712139315,"Czajnik elektryczny Tefal KI513D10 1,7l 2200W srebrny/inox",True,allegro,"Czajnik elektryczny Tefal KI513D10 1,7l 2200W srebrny/inox",True,True,"[{'name': 'Stan', 'values': ['Nowy'], 'highlight': False}, {'name': 'Pojemność', 'values': ['1.7 l'], 'highlight': False}, {'name': 'Szerokość produktu', 'values': ['15.5 cm'], 'highlight': False}, {'name': 'Wysokość produktu', 'values': ['23.5 cm'], 'highlight': False}, {'name': 'Obrotowa podstawa', 'values': ['tak'], 'highlight': False}]","[{'name': 'Pojemność', 'values': ['1.7 l'], 'highlight': False}, {'name': 'Szerokość produktu', 'values': ['15.5 cm'], 'highlight': False}, {'name': 'Wysokość produktu', 'values': ['23.5 cm'], 'highlight': False}, {'name': 'Obrotowa podstawa', 'values': ['tak'], 'highlight': False}]",N/A,172.25,PLN,x,,4.80,300,True,20,64,11024.0,https://allegro.pl/oferta/13712139315,89155236,Oficjalny sklep TEFAL,https://allegro.pl/uzytkownik/Tefal_Polska,99,False
14214502471,"Czajnik tradycyjny stalowy Karl Hausmann 1,5 l odcienie szarości i srebra",False,allegro,"Czajnik tradycyjny stalowy Karl Hausmann 1,5 l odcienie szarości i srebra",True,False,"[{'name': 'Stan', 'values': ['Nowy'], 'highlight': False}, {'name': 'Rodzaj', 'values': ['czajnik tradycyjny'], 'highlight': True}, {'name': 'Materiał', 'values': ['stalowy'], 'highlight': False}]","[{'name': 'Rodzaj', 'values': ['czajnik tradycyjny'], 'highlight': True}, {'name': 'Materiał', 'values': ['stalowy'], 'highlight': False}]",5905155002631,28.99,PLN,x,,4.91,117,True,23,104,3014.96,https://allegro.pl/oferta/14214502471,72471582,skyhome,https://allegro.pl/uzytkownik/skyhome,99.7,True
14758838581,Czajnik elektryczny EMAVO Czajnik elektryczny z podwójnymi ściankami 2200 W biały,False,allegro,Czajnik elektryczny EMAVO Czajnik elektryczny z podwójnymi ściankami 2200 W biały,True,False,"[{'name': 'Stan', 'values': ['Nowy'], 'highlight': False}, {'name': 'Pojemność', 'values': ['1.7 l'], 'highlight': False}, {'name': 'Obrotowa podstawa', 'values': ['tak'], 'highlight': False}]","[{'name': 'Pojemność', 'values': ['1.7 l'], 'highlight': False}, {'name': 'Obrotowa podstawa', 'values': ['tak'], 'highlight': False}]",5907512871645,59.00,PLN,x,,4.88,33,True,2,104,6136.0,https://allegro.pl/oferta/14758838581,50643800,emavo,https://allegro.pl/uzytkownik/emavo,99,True
13844338109,Czajnik elektryczny RAVEN EC024S 1800 W srebrny/szary,False,allegro,Czajnik elektryczny RAVEN EC024S 1800 W srebrny/szary,True,True,"[{'name': 'Stan', 'values': ['Nowy'], 'highlight': False}, {'name': 'Pojemność', 'values': ['1.5 l'], 'highlight': False}, {'name': 'Obrotowa podstawa', 'values': ['tak'], 'highlight': False}]","[{'name': 'Pojemność', 'values': ['1.5 l'], 'highlight': False}, {'name': 'Obrotowa podstawa', 'values': ['tak'], 'highlight': False}]",5900488999511,199.00,PLN,x,"{'name': 'Kolor/Wzór', 'type': 'IMAGE', 'source': 'photo', 'variants': [{'id': '8e42517d61ce0b1792e0b3f6bcd01d480f10c87c25c1c33e96d6f46d360d2055', 'image': {'url': 'https://a.allegroimg.com/original/110bcf/1d253fc8442395dacbbe70d9d2ef'}, 'selected': True, 'offer': {'url': 'https://allegro.pl/oferta/czajnik-elektryczny-bezprzewodowy-raven-szary-1-5-l-13844338109'}}, {'id': 'f52b208c958c979d72ded9203941b8c43521023ab8909826392725399b6626fa', 'image': {'url': 'https://a.allegroimg.com/original/118284/bccec4d24c72ab54c739f060a418'}, 'selected': False, 'offer': {'url': 'https://allegro.pl/oferta/bialy-czajnik-elektryczny-raven-1-5-w-1800-w-13922766941'}}]}",4.75,59,True,6,103,20497.0,https://allegro.pl/oferta/13844338109,105285248,Oficjalny sklep Raven,https://allegro.pl/uzytkownik/sma_raven,98.5,True
13712590984,Odkamieniacz w płynie do ekspresów Glimmerstone 5 l,False,allegro,Odkamieniacz w płynie do ekspresów Glimmerstone 5 l,True,False,"[{'name': 'Stan', 'values': ['Nowy'], 'highlight': False}, {'name': 'Opakowanie produktu', 'values': ['kanister'], 'highlight': False}, {'name': 'Rodzaj', 'values': ['odkamieniacze do czajników i ekspresów'], 'highlight': False}]","[{'name': 'Opakowanie produktu', 'values': ['kanister'], 'highlight': False}, {'name': 'Rodzaj', 'values': ['odkamieniacze do czajników i ekspresów'], 'highlight': False}]",5905261411884,29.99,PLN,x,,4.75,162,True,7,104,3118.96,https://allegro.pl/oferta/13712590984,37530514,skandynawskidom,https://allegro.pl/uzytkownik/skandynawskidom,99.1,False
14398581599,Czajnik elektryczny Electrolux E4GK1-4GB 2200 W srebrny/szary,True,allegro,Czajnik elektryczny Electrolux E4GK1-4GB 2200 W srebrny/szary,False,True,"[{'name': 'Stan', 'values': ['Nowy'], 'highlight': False}, {'name': 'Pojemność', 'values': ['1.7 l'], 'highlight': False}]","[{'name': 'Pojemność', 'values': ['1.7 l'], 'highlight': False}]",N/A,199.99,PLN,x,,4.80,20,True,7,17,3399.83,https://allegro.pl/oferta/14398581599,34444647,Autoryzowany sklep Electrolux,https://allegro.pl/uzytkownik/SmA_Electrolux,97.6,True
13998549724,Czajnik elektryczny Zelmer ZCK7650 2200 W biały,True,allegro,Czajnik elektryczny Zelmer ZCK7650 2200 W biały,False,True,"[{'name': 'Stan', 'values': ['Nowy'], 'highlight': False}, {'name': 'Pojemność', 'values': ['1.7 l'], 'highlight': False}, {'name': 'Obrotowa podstawa', 'values': ['tak'], 'highlight': False}]","[{'name': 'Pojemność', 'values': ['1.7 l'], 'highlight': False}, {'name': 'Obrotowa podstawa', 'values': ['tak'], 'highlight': False}]",N/A,169.00,PLN,x,,4.97,38,True,16,44,7436.0,https://allegro.pl/oferta/13998549724,64412068,inlago,https://allegro.pl/uzytkownik/inlago,99,False
